country,year,pop
Afghanistan,1952,8425333
Albania,1952,1282697
Algeria,1952,9279525
Angola,1952,4232095
Argentina,1952,17876956
Australia,1952,8691212
Austria,1952,6927772
Bahrain,1952,120447
Bangladesh,1952,46886859
Belgium,1952,8730405
Benin,1952,1738315
Bolivia,1952,2883315
Bosnia and Herzegovina,1952,2791000
Botswana,1952,442308
Brazil,1952,56602560
Bulgaria,1952,7274900
Burkina Faso,1952,4469979
Burundi,1952,2445618
Cambodia,1952,4693836
Cameroon,1952,5009067
Canada,1952,14785584
Central African Republic,1952,1291695
Chad,1952,2682462
Chile,1952,6377619
China,1952,556263528
Colombia,1952,12350771
Comoros,1952,153936
"Congo, Dem. Rep.",1952,14100005
"Congo, Rep.",1952,854885
Costa Rica,1952,926317
Cote d'Ivoire,1952,2977019
Croatia,1952,3882229
Cuba,1952,6007797
Czech Republic,1952,9125183
Denmark,1952,4334000
Djibouti,1952,63149
Dominican Republic,1952,2491346
Ecuador,1952,3548753
Egypt,1952,22223309
El Salvador,1952,2042865
Equatorial Guinea,1952,216964
Eritrea,1952,1438760
Ethiopia,1952,20860941
Finland,1952,4090500
France,1952,42459667
Gabon,1952,420702
Gambia,1952,284320
Germany,1952,69145952
Ghana,1952,5581001
Greece,1952,7733250
Guatemala,1952,3146381
Guinea,1952,2664249
Guinea-Bissau,1952,580653
Haiti,1952,3201488
Honduras,1952,1517453
"Hong Kong, China",1952,2125900
Hungary,1952,9504000
Iceland,1952,147962
India,1952,372000000
Indonesia,1952,82052000
Iran,1952,17272000
Iraq,1952,5441766
Ireland,1952,2952156
Israel,1952,1620914
Italy,1952,47666000
Jamaica,1952,1426095
Japan,1952,86459025
Jordan,1952,607914
Kenya,1952,6464046
"Korea, Dem. Rep.",1952,8865488
"Korea, Rep.",1952,20947571
Kuwait,1952,160000
Lebanon,1952,1439529
Lesotho,1952,748747
Liberia,1952,863308
Libya,1952,1019729
Madagascar,1952,4762912
Malawi,1952,2917802
Malaysia,1952,6748378
Mali,1952,3838168
Mauritania,1952,1022556
Mauritius,1952,516556
Mexico,1952,30144317
Mongolia,1952,800663
Montenegro,1952,413834
Morocco,1952,9939217
Mozambique,1952,6446316
Myanmar,1952,20092996
Namibia,1952,485831
Nepal,1952,9182536
Netherlands,1952,10381988
New Zealand,1952,1994794
Nicaragua,1952,1165790
Niger,1952,3379468
Nigeria,1952,33119096
Norway,1952,3327728
Oman,1952,507833
Pakistan,1952,41346560
Panama,1952,940080
Paraguay,1952,1555876
Peru,1952,8025700
Philippines,1952,22438691
Poland,1952,25730551
Portugal,1952,8526050
Puerto Rico,1952,2227000
Reunion,1952,257700
Romania,1952,16630000
Rwanda,1952,2534927
Sao Tome and Principe,1952,60011
Saudi Arabia,1952,4005677
Senegal,1952,2755589
Serbia,1952,6860147
Sierra Leone,1952,2143249
Singapore,1952,1127000
Slovak Republic,1952,3558137
Slovenia,1952,1489518
Somalia,1952,2526994
South Africa,1952,14264935
Spain,1952,28549870
Sri Lanka,1952,7982342
Sudan,1952,8504667
Swaziland,1952,290243
Sweden,1952,7124673
Switzerland,1952,4815000
Syria,1952,3661549
Taiwan,1952,8550362
Tanzania,1952,8322925
Thailand,1952,21289402
Togo,1952,1219113
Trinidad and Tobago,1952,662850
Tunisia,1952,3647735
Turkey,1952,22235677
Uganda,1952,5824797
United Kingdom,1952,50430000
United States,1952,157553000
Uruguay,1952,2252965
Venezuela,1952,5439568
Vietnam,1952,26246839
West Bank and Gaza,1952,1030585
"Yemen, Rep.",1952,4963829
Zambia,1952,2672000
Zimbabwe,1952,3080907
Afghanistan,1957,9240934
Albania,1957,1476505
Algeria,1957,10270856
Angola,1957,4561361
Argentina,1957,19610538
Australia,1957,9712569
Austria,1957,6965860
Bahrain,1957,138655
Bangladesh,1957,51365468
Belgium,1957,8989111
Benin,1957,1925173
Bolivia,1957,3211738
Bosnia and Herzegovina,1957,3076000
Botswana,1957,474639
Brazil,1957,65551171
Bulgaria,1957,7651254
Burkina Faso,1957,4713416
Burundi,1957,2667518
Cambodia,1957,5322536
Cameroon,1957,5359923
Canada,1957,17010154
Central African Republic,1957,1392284
Chad,1957,2894855
Chile,1957,7048426
China,1957,637408000
Colombia,1957,14485993
Comoros,1957,170928
"Congo, Dem. Rep.",1957,15577932
"Congo, Rep.",1957,940458
Costa Rica,1957,1112300
Cote d'Ivoire,1957,3300000
Croatia,1957,3991242
Cuba,1957,6640752
Czech Republic,1957,9513758
Denmark,1957,4487831
Djibouti,1957,71851
Dominican Republic,1957,2923186
Ecuador,1957,4058385
Egypt,1957,25009741
El Salvador,1957,2355805
Equatorial Guinea,1957,232922
Eritrea,1957,1542611
Ethiopia,1957,22815614
Finland,1957,4324000
France,1957,44310863
Gabon,1957,434904
Gambia,1957,323150
Germany,1957,71019069
Ghana,1957,6391288
Greece,1957,8096218
Guatemala,1957,3640876
Guinea,1957,2876726
Guinea-Bissau,1957,601095
Haiti,1957,3507701
Honduras,1957,1770390
"Hong Kong, China",1957,2736300
Hungary,1957,9839000
Iceland,1957,165110
India,1957,409000000
Indonesia,1957,90124000
Iran,1957,19792000
Iraq,1957,6248643
Ireland,1957,2878220
Israel,1957,1944401
Italy,1957,49182000
Jamaica,1957,1535090
Japan,1957,91563009
Jordan,1957,746559
Kenya,1957,7454779
"Korea, Dem. Rep.",1957,9411381
"Korea, Rep.",1957,22611552
Kuwait,1957,212846
Lebanon,1957,1647412
Lesotho,1957,813338
Liberia,1957,975950
Libya,1957,1201578
Madagascar,1957,5181679
Malawi,1957,3221238
Malaysia,1957,7739235
Mali,1957,4241884
Mauritania,1957,1076852
Mauritius,1957,609816
Mexico,1957,35015548
Mongolia,1957,882134
Montenegro,1957,442829
Morocco,1957,11406350
Mozambique,1957,7038035
Myanmar,1957,21731844
Namibia,1957,548080
Nepal,1957,9682338
Netherlands,1957,11026383
New Zealand,1957,2229407
Nicaragua,1957,1358828
Niger,1957,3692184
Nigeria,1957,37173340
Norway,1957,3491938
Oman,1957,561977
Pakistan,1957,46679944
Panama,1957,1063506
Paraguay,1957,1770902
Peru,1957,9146100
Philippines,1957,26072194
Poland,1957,28235346
Portugal,1957,8817650
Puerto Rico,1957,2260000
Reunion,1957,308700
Romania,1957,17829327
Rwanda,1957,2822082
Sao Tome and Principe,1957,61325
Saudi Arabia,1957,4419650
Senegal,1957,3054547
Serbia,1957,7271135
Sierra Leone,1957,2295678
Singapore,1957,1445929
Slovak Republic,1957,3844277
Slovenia,1957,1533070
Somalia,1957,2780415
South Africa,1957,16151549
Spain,1957,29841614
Sri Lanka,1957,9128546
Sudan,1957,9753392
Swaziland,1957,326741
Sweden,1957,7363802
Switzerland,1957,5126000
Syria,1957,4149908
Taiwan,1957,10164215
Tanzania,1957,9452826
Thailand,1957,25041917
Togo,1957,1357445
Trinidad and Tobago,1957,764900
Tunisia,1957,3950849
Turkey,1957,25670939
Uganda,1957,6675501
United Kingdom,1957,51430000
United States,1957,171984000
Uruguay,1957,2424959
Venezuela,1957,6702668
Vietnam,1957,28998543
West Bank and Gaza,1957,1070439
"Yemen, Rep.",1957,5498090
Zambia,1957,3016000
Zimbabwe,1957,3646340
Afghanistan,1962,10267083
Albania,1962,1728137
Algeria,1962,11000948
Angola,1962,4826015
Argentina,1962,21283783
Australia,1962,10794968
Austria,1962,7129864
Bahrain,1962,171863
Bangladesh,1962,56839289
Belgium,1962,9218400
Benin,1962,2151895
Bolivia,1962,3593918
Bosnia and Herzegovina,1962,3349000
Botswana,1962,512764
Brazil,1962,76039390
Bulgaria,1962,8012946
Burkina Faso,1962,4919632
Burundi,1962,2961915
Cambodia,1962,6083619
Cameroon,1962,5793633
Canada,1962,18985849
Central African Republic,1962,1523478
Chad,1962,3150417
Chile,1962,7961258
China,1962,665770000
Colombia,1962,17009885
Comoros,1962,191689
"Congo, Dem. Rep.",1962,17486434
"Congo, Rep.",1962,1047924
Costa Rica,1962,1345187
Cote d'Ivoire,1962,3832408
Croatia,1962,4076557
Cuba,1962,7254373
Czech Republic,1962,9620282
Denmark,1962,4646899
Djibouti,1962,89898
Dominican Republic,1962,3453434
Ecuador,1962,4681707
Egypt,1962,28173309
El Salvador,1962,2747687
Equatorial Guinea,1962,249220
Eritrea,1962,1666618
Ethiopia,1962,25145372
Finland,1962,4491443
France,1962,47124000
Gabon,1962,455661
Gambia,1962,374020
Germany,1962,73739117
Ghana,1962,7355248
Greece,1962,8448233
Guatemala,1962,4208858
Guinea,1962,3140003
Guinea-Bissau,1962,627820
Haiti,1962,3880130
Honduras,1962,2090162
"Hong Kong, China",1962,3305200
Hungary,1962,10063000
Iceland,1962,182053
India,1962,454000000
Indonesia,1962,99028000
Iran,1962,22874000
Iraq,1962,7240260
Ireland,1962,2830000
Israel,1962,2310904
Italy,1962,50843200
Jamaica,1962,1665128
Japan,1962,95831757
Jordan,1962,933559
Kenya,1962,8678557
"Korea, Dem. Rep.",1962,10917494
"Korea, Rep.",1962,26420307
Kuwait,1962,358266
Lebanon,1962,1886848
Lesotho,1962,893143
Liberia,1962,1112796
Libya,1962,1441863
Madagascar,1962,5703324
Malawi,1962,3628608
Malaysia,1962,8906385
Mali,1962,4690372
Mauritania,1962,1146757
Mauritius,1962,701016
Mexico,1962,41121485
Mongolia,1962,1010280
Montenegro,1962,474528
Morocco,1962,13056604
Mozambique,1962,7788944
Myanmar,1962,23634436
Namibia,1962,621392
Nepal,1962,10332057
Netherlands,1962,11805689
New Zealand,1962,2488550
Nicaragua,1962,1590597
Niger,1962,4076008
Nigeria,1962,41871351
Norway,1962,3638919
Oman,1962,628164
Pakistan,1962,53100671
Panama,1962,1215725
Paraguay,1962,2009813
Peru,1962,10516500
Philippines,1962,30325264
Poland,1962,30329617
Portugal,1962,9019800
Puerto Rico,1962,2448046
Reunion,1962,358900
Romania,1962,18680721
Rwanda,1962,3051242
Sao Tome and Principe,1962,65345
Saudi Arabia,1962,4943029
Senegal,1962,3430243
Serbia,1962,7616060
Sierra Leone,1962,2467895
Singapore,1962,1750200
Slovak Republic,1962,4237384
Slovenia,1962,1582962
Somalia,1962,3080153
South Africa,1962,18356657
Spain,1962,31158061
Sri Lanka,1962,10421936
Sudan,1962,11183227
Swaziland,1962,370006
Sweden,1962,7561588
Switzerland,1962,5666000
Syria,1962,4834621
Taiwan,1962,11918938
Tanzania,1962,10863958
Thailand,1962,29263397
Togo,1962,1528098
Trinidad and Tobago,1962,887498
Tunisia,1962,4286552
Turkey,1962,29788695
Uganda,1962,7688797
United Kingdom,1962,53292000
United States,1962,186538000
Uruguay,1962,2598466
Venezuela,1962,8143375
Vietnam,1962,33796140
West Bank and Gaza,1962,1133134
"Yemen, Rep.",1962,6120081
Zambia,1962,3421000
Zimbabwe,1962,4277736
Afghanistan,1967,11537966
Albania,1967,1984060
Algeria,1967,12760499
Angola,1967,5247469
Argentina,1967,22934225
Australia,1967,11872264
Austria,1967,7376998
Bahrain,1967,202182
Bangladesh,1967,62821884
Belgium,1967,9556500
Benin,1967,2427334
Bolivia,1967,4040665
Bosnia and Herzegovina,1967,3585000
Botswana,1967,553541
Brazil,1967,88049823
Bulgaria,1967,8310226
Burkina Faso,1967,5127935
Burundi,1967,3330989
Cambodia,1967,6960067
Cameroon,1967,6335506
Canada,1967,20819767
Central African Republic,1967,1733638
Chad,1967,3495967
Chile,1967,8858908
China,1967,754550000
Colombia,1967,19764027
Comoros,1967,217378
"Congo, Dem. Rep.",1967,19941073
"Congo, Rep.",1967,1179760
Costa Rica,1967,1588717
Cote d'Ivoire,1967,4744870
Croatia,1967,4174366
Cuba,1967,8139332
Czech Republic,1967,9835109
Denmark,1967,4838800
Djibouti,1967,127617
Dominican Republic,1967,4049146
Ecuador,1967,5432424
Egypt,1967,31681188
El Salvador,1967,3232927
Equatorial Guinea,1967,259864
Eritrea,1967,1820319
Ethiopia,1967,27860297
Finland,1967,4605744
France,1967,49569000
Gabon,1967,489004
Gambia,1967,439593
Germany,1967,76368453
Ghana,1967,8490213
Greece,1967,8716441
Guatemala,1967,4690773
Guinea,1967,3451418
Guinea-Bissau,1967,601287
Haiti,1967,4318137
Honduras,1967,2500689
"Hong Kong, China",1967,3722800
Hungary,1967,10223422
Iceland,1967,198676
India,1967,506000000
Indonesia,1967,109343000
Iran,1967,26538000
Iraq,1967,8519282
Ireland,1967,2900100
Israel,1967,2693585
Italy,1967,52667100
Jamaica,1967,1861096
Japan,1967,100825279
Jordan,1967,1255058
Kenya,1967,10191512
"Korea, Dem. Rep.",1967,12617009
"Korea, Rep.",1967,30131000
Kuwait,1967,575003
Lebanon,1967,2186894
Lesotho,1967,996380
Liberia,1967,1279406
Libya,1967,1759224
Madagascar,1967,6334556
Malawi,1967,4147252
Malaysia,1967,10154878
Mali,1967,5212416
Mauritania,1967,1230542
Mauritius,1967,789309
Mexico,1967,47995559
Mongolia,1967,1149500
Montenegro,1967,501035
Morocco,1967,14770296
Mozambique,1967,8680909
Myanmar,1967,25870271
Namibia,1967,706640
Nepal,1967,11261690
Netherlands,1967,12596822
New Zealand,1967,2728150
Nicaragua,1967,1865490
Niger,1967,4534062
Nigeria,1967,47287752
Norway,1967,3786019
Oman,1967,714775
Pakistan,1967,60641899
Panama,1967,1405486
Paraguay,1967,2287985
Peru,1967,12132200
Philippines,1967,35356600
Poland,1967,31785378
Portugal,1967,9103000
Puerto Rico,1967,2648961
Reunion,1967,414024
Romania,1967,19284814
Rwanda,1967,3451079
Sao Tome and Principe,1967,70787
Saudi Arabia,1967,5618198
Senegal,1967,3965841
Serbia,1967,7971222
Sierra Leone,1967,2662190
Singapore,1967,1977600
Slovak Republic,1967,4442238
Slovenia,1967,1646912
Somalia,1967,3428839
South Africa,1967,20997321
Spain,1967,32850275
Sri Lanka,1967,11737396
Sudan,1967,12716129
Swaziland,1967,420690
Sweden,1967,7867931
Switzerland,1967,6063000
Syria,1967,5680812
Taiwan,1967,13648692
Tanzania,1967,12607312
Thailand,1967,34024249
Togo,1967,1735550
Trinidad and Tobago,1967,960155
Tunisia,1967,4786986
Turkey,1967,33411317
Uganda,1967,8900294
United Kingdom,1967,54959000
United States,1967,198712000
Uruguay,1967,2748579
Venezuela,1967,9709552
Vietnam,1967,39463910
West Bank and Gaza,1967,1142636
"Yemen, Rep.",1967,6740785
Zambia,1967,3900000
Zimbabwe,1967,4995432
Afghanistan,1972,13079460
Albania,1972,2263554
Algeria,1972,14760787
Angola,1972,5894858
Argentina,1972,24779799
Australia,1972,13177000
Austria,1972,7544201
Bahrain,1972,230800
Bangladesh,1972,70759295
Belgium,1972,9709100
Benin,1972,2761407
Bolivia,1972,4565872
Bosnia and Herzegovina,1972,3819000
Botswana,1972,619351
Brazil,1972,100840058
Bulgaria,1972,8576200
Burkina Faso,1972,5433886
Burundi,1972,3529983
Cambodia,1972,7450606
Cameroon,1972,7021028
Canada,1972,22284500
Central African Republic,1972,1927260
Chad,1972,3899068
Chile,1972,9717524
China,1972,862030000
Colombia,1972,22542890
Comoros,1972,250027
"Congo, Dem. Rep.",1972,23007669
"Congo, Rep.",1972,1340458
Costa Rica,1972,1834796
Cote d'Ivoire,1972,6071696
Croatia,1972,4225310
Cuba,1972,8831348
Czech Republic,1972,9862158
Denmark,1972,4991596
Djibouti,1972,178848
Dominican Republic,1972,4671329
Ecuador,1972,6298651
Egypt,1972,34807417
El Salvador,1972,3790903
Equatorial Guinea,1972,277603
Eritrea,1972,2260187
Ethiopia,1972,30770372
Finland,1972,4639657
France,1972,51732000
Gabon,1972,537977
Gambia,1972,517101
Germany,1972,78717088
Ghana,1972,9354120
Greece,1972,8888628
Guatemala,1972,5149581
Guinea,1972,3811387
Guinea-Bissau,1972,625361
Haiti,1972,4698301
Honduras,1972,2965146
"Hong Kong, China",1972,4115700
Hungary,1972,10394091
Iceland,1972,209275
India,1972,567000000
Indonesia,1972,121282000
Iran,1972,30614000
Iraq,1972,10061506
Ireland,1972,3024400
Israel,1972,3095893
Italy,1972,54365564
Jamaica,1972,1997616
Japan,1972,107188273
Jordan,1972,1613551
Kenya,1972,12044785
"Korea, Dem. Rep.",1972,14781241
"Korea, Rep.",1972,33505000
Kuwait,1972,841934
Lebanon,1972,2680018
Lesotho,1972,1116779
Liberia,1972,1482628
Libya,1972,2183877
Madagascar,1972,7082430
Malawi,1972,4730997
Malaysia,1972,11441462
Mali,1972,5828158
Mauritania,1972,1332786
Mauritius,1972,851334
Mexico,1972,55984294
Mongolia,1972,1320500
Montenegro,1972,527678
Morocco,1972,16660670
Mozambique,1972,9809596
Myanmar,1972,28466390
Namibia,1972,821782
Nepal,1972,12412593
Netherlands,1972,13329874
New Zealand,1972,2929100
Nicaragua,1972,2182908
Niger,1972,5060262
Nigeria,1972,53740085
Norway,1972,3933004
Oman,1972,829050
Pakistan,1972,69325921
Panama,1972,1616384
Paraguay,1972,2614104
Peru,1972,13954700
Philippines,1972,40850141
Poland,1972,33039545
Portugal,1972,8970450
Puerto Rico,1972,2847132
Reunion,1972,461633
Romania,1972,20662648
Rwanda,1972,3992121
Sao Tome and Principe,1972,76595
Saudi Arabia,1972,6472756
Senegal,1972,4588696
Serbia,1972,8313288
Sierra Leone,1972,2879013
Singapore,1972,2152400
Slovak Republic,1972,4593433
Slovenia,1972,1694510
Somalia,1972,3840161
South Africa,1972,23935810
Spain,1972,34513161
Sri Lanka,1972,13016733
Sudan,1972,14597019
Swaziland,1972,480105
Sweden,1972,8122293
Switzerland,1972,6401400
Syria,1972,6701172
Taiwan,1972,15226039
Tanzania,1972,14706593
Thailand,1972,39276153
Togo,1972,2056351
Trinidad and Tobago,1972,975199
Tunisia,1972,5303507
Turkey,1972,37492953
Uganda,1972,10190285
United Kingdom,1972,56079000
United States,1972,209896000
Uruguay,1972,2829526
Venezuela,1972,11515649
Vietnam,1972,44655014
West Bank and Gaza,1972,1089572
"Yemen, Rep.",1972,7407075
Zambia,1972,4506497
Zimbabwe,1972,5861135
Afghanistan,1977,14880372
Albania,1977,2509048
Algeria,1977,17152804
Angola,1977,6162675
Argentina,1977,26983828
Australia,1977,14074100
Austria,1977,7568430
Bahrain,1977,297410
Bangladesh,1977,80428306
Belgium,1977,9821800
Benin,1977,3168267
Bolivia,1977,5079716
Bosnia and Herzegovina,1977,4086000
Botswana,1977,781472
Brazil,1977,114313951
Bulgaria,1977,8797022
Burkina Faso,1977,5889574
Burundi,1977,3834415
Cambodia,1977,6978607
Cameroon,1977,7959865
Canada,1977,23796400
Central African Republic,1977,2167533
Chad,1977,4388260
Chile,1977,10599793
China,1977,943455000
Colombia,1977,25094412
Comoros,1977,304739
"Congo, Dem. Rep.",1977,26480870
"Congo, Rep.",1977,1536769
Costa Rica,1977,2108457
Cote d'Ivoire,1977,7459574
Croatia,1977,4318673
Cuba,1977,9537988
Czech Republic,1977,10161915
Denmark,1977,5088419
Djibouti,1977,228694
Dominican Republic,1977,5302800
Ecuador,1977,7278866
Egypt,1977,38783863
El Salvador,1977,4282586
Equatorial Guinea,1977,192675
Eritrea,1977,2512642
Ethiopia,1977,34617799
Finland,1977,4738902
France,1977,53165019
Gabon,1977,706367
Gambia,1977,608274
Germany,1977,78160773
Ghana,1977,10538093
Greece,1977,9308479
Guatemala,1977,5703430
Guinea,1977,4227026
Guinea-Bissau,1977,745228
Haiti,1977,4908554
Honduras,1977,3055235
"Hong Kong, China",1977,4583700
Hungary,1977,10637171
Iceland,1977,221823
India,1977,634000000
Indonesia,1977,136725000
Iran,1977,35480679
Iraq,1977,11882916
Ireland,1977,3271900
Israel,1977,3495918
Italy,1977,56059245
Jamaica,1977,2156814
Japan,1977,113872473
Jordan,1977,1937652
Kenya,1977,14500404
"Korea, Dem. Rep.",1977,16325320
"Korea, Rep.",1977,36436000
Kuwait,1977,1140357
Lebanon,1977,3115787
Lesotho,1977,1251524
Liberia,1977,1703617
Libya,1977,2721783
Madagascar,1977,8007166
Malawi,1977,5637246
Malaysia,1977,12845381
Mali,1977,6491649
Mauritania,1977,1456688
Mauritius,1977,913025
Mexico,1977,63759976
Mongolia,1977,1528000
Montenegro,1977,560073
Morocco,1977,18396941
Mozambique,1977,11127868
Myanmar,1977,31528087
Namibia,1977,977026
Nepal,1977,13933198
Netherlands,1977,13852989
New Zealand,1977,3164900
Nicaragua,1977,2554598
Niger,1977,5682086
Nigeria,1977,62209173
Norway,1977,4043205
Oman,1977,1004533
Pakistan,1977,78152686
Panama,1977,1839782
Paraguay,1977,2984494
Peru,1977,15990099
Philippines,1977,46850962
Poland,1977,34621254
Portugal,1977,9662600
Puerto Rico,1977,3080828
Reunion,1977,492095
Romania,1977,21658597
Rwanda,1977,4657072
Sao Tome and Principe,1977,86796
Saudi Arabia,1977,8128505
Senegal,1977,5260855
Serbia,1977,8686367
Sierra Leone,1977,3140897
Singapore,1977,2325300
Slovak Republic,1977,4827803
Slovenia,1977,1746919
Somalia,1977,4353666
South Africa,1977,27129932
Spain,1977,36439000
Sri Lanka,1977,14116836
Sudan,1977,17104986
Swaziland,1977,551425
Sweden,1977,8251648
Switzerland,1977,6316424
Syria,1977,7932503
Taiwan,1977,16785196
Tanzania,1977,17129565
Thailand,1977,44148285
Togo,1977,2308582
Trinidad and Tobago,1977,1039009
Tunisia,1977,6005061
Turkey,1977,42404033
Uganda,1977,11457758
United Kingdom,1977,56179000
United States,1977,220239000
Uruguay,1977,2873520
Venezuela,1977,13503563
Vietnam,1977,50533506
West Bank and Gaza,1977,1261091
"Yemen, Rep.",1977,8403990
Zambia,1977,5216550
Zimbabwe,1977,6642107
Afghanistan,1982,12881816
Albania,1982,2780097
Algeria,1982,20033753
Angola,1982,7016384
Argentina,1982,29341374
Australia,1982,15184200
Austria,1982,7574613
Bahrain,1982,377967
Bangladesh,1982,93074406
Belgium,1982,9856303
Benin,1982,3641603
Bolivia,1982,5642224
Bosnia and Herzegovina,1982,4172693
Botswana,1982,970347
Brazil,1982,128962939
Bulgaria,1982,8892098
Burkina Faso,1982,6634596
Burundi,1982,4580410
Cambodia,1982,7272485
Cameroon,1982,9250831
Canada,1982,25201900
Central African Republic,1982,2476971
Chad,1982,4875118
Chile,1982,11487112
China,1982,1000281000
Colombia,1982,27764644
Comoros,1982,348643
"Congo, Dem. Rep.",1982,30646495
"Congo, Rep.",1982,1774735
Costa Rica,1982,2424367
Cote d'Ivoire,1982,9025951
Croatia,1982,4413368
Cuba,1982,9789224
Czech Republic,1982,10303704
Denmark,1982,5117810
Djibouti,1982,305991
Dominican Republic,1982,5968349
Ecuador,1982,8365850
Egypt,1982,45681811
El Salvador,1982,4474873
Equatorial Guinea,1982,285483
Eritrea,1982,2637297
Ethiopia,1982,38111756
Finland,1982,4826933
France,1982,54433565
Gabon,1982,753874
Gambia,1982,715523
Germany,1982,78335266
Ghana,1982,11400338
Greece,1982,9786480
Guatemala,1982,6395630
Guinea,1982,4710497
Guinea-Bissau,1982,825987
Haiti,1982,5198399
Honduras,1982,3669448
"Hong Kong, China",1982,5264500
Hungary,1982,10705535
Iceland,1982,233997
India,1982,708000000
Indonesia,1982,153343000
Iran,1982,43072751
Iraq,1982,14173318
Ireland,1982,3480000
Israel,1982,3858421
Italy,1982,56535636
Jamaica,1982,2298309
Japan,1982,118454974
Jordan,1982,2347031
Kenya,1982,17661452
"Korea, Dem. Rep.",1982,17647518
"Korea, Rep.",1982,39326000
Kuwait,1982,1497494
Lebanon,1982,3086876
Lesotho,1982,1411807
Liberia,1982,1956875
Libya,1982,3344074
Madagascar,1982,9171477
Malawi,1982,6502825
Malaysia,1982,14441916
Mali,1982,6998256
Mauritania,1982,1622136
Mauritius,1982,992040
Mexico,1982,71640904
Mongolia,1982,1756032
Montenegro,1982,562548
Morocco,1982,20198730
Mozambique,1982,12587223
Myanmar,1982,34680442
Namibia,1982,1099010
Nepal,1982,15796314
Netherlands,1982,14310401
New Zealand,1982,3210650
Nicaragua,1982,2979423
Niger,1982,6437188
Nigeria,1982,73039376
Norway,1982,4114787
Oman,1982,1301048
Pakistan,1982,91462088
Panama,1982,2036305
Paraguay,1982,3366439
Peru,1982,18125129
Philippines,1982,53456774
Poland,1982,36227381
Portugal,1982,9859650
Puerto Rico,1982,3279001
Reunion,1982,517810
Romania,1982,22356726
Rwanda,1982,5507565
Sao Tome and Principe,1982,98593
Saudi Arabia,1982,11254672
Senegal,1982,6147783
Serbia,1982,9032824
Sierra Leone,1982,3464522
Singapore,1982,2651869
Slovak Republic,1982,5048043
Slovenia,1982,1861252
Somalia,1982,5828892
South Africa,1982,31140029
Spain,1982,37983310
Sri Lanka,1982,15410151
Sudan,1982,20367053
Swaziland,1982,649901
Sweden,1982,8325260
Switzerland,1982,6468126
Syria,1982,9410494
Taiwan,1982,18501390
Tanzania,1982,19844382
Thailand,1982,48827160
Togo,1982,2644765
Trinidad and Tobago,1982,1116479
Tunisia,1982,6734098
Turkey,1982,47328791
Uganda,1982,12939400
United Kingdom,1982,56339704
United States,1982,232187835
Uruguay,1982,2953997
Venezuela,1982,15620766
Vietnam,1982,56142181
West Bank and Gaza,1982,1425876
"Yemen, Rep.",1982,9657618
Zambia,1982,6100407
Zimbabwe,1982,7636524
Afghanistan,1987,13867957
Albania,1987,3075321
Algeria,1987,23254956
Angola,1987,7874230
Argentina,1987,31620918
Australia,1987,16257249
Austria,1987,7578903
Bahrain,1987,454612
Bangladesh,1987,103764241
Belgium,1987,9870200
Benin,1987,4243788
Bolivia,1987,6156369
Bosnia and Herzegovina,1987,4338977
Botswana,1987,1151184
Brazil,1987,142938076
Bulgaria,1987,8971958
Burkina Faso,1987,7586551
Burundi,1987,5126023
Cambodia,1987,8371791
Cameroon,1987,10780667
Canada,1987,26549700
Central African Republic,1987,2840009
Chad,1987,5498955
Chile,1987,12463354
China,1987,1084035000
Colombia,1987,30964245
Comoros,1987,395114
"Congo, Dem. Rep.",1987,35481645
"Congo, Rep.",1987,2064095
Costa Rica,1987,2799811
Cote d'Ivoire,1987,10761098
Croatia,1987,4484310
Cuba,1987,10239839
Czech Republic,1987,10311597
Denmark,1987,5127024
Djibouti,1987,311025
Dominican Republic,1987,6655297
Ecuador,1987,9545158
Egypt,1987,52799062
El Salvador,1987,4842194
Equatorial Guinea,1987,341244
Eritrea,1987,2915959
Ethiopia,1987,42999530
Finland,1987,4931729
France,1987,55630100
Gabon,1987,880397
Gambia,1987,848406
Germany,1987,77718298
Ghana,1987,14168101
Greece,1987,9974490
Guatemala,1987,7326406
Guinea,1987,5650262
Guinea-Bissau,1987,927524
Haiti,1987,5756203
Honduras,1987,4372203
"Hong Kong, China",1987,5584510
Hungary,1987,10612740
Iceland,1987,244676
India,1987,788000000
Indonesia,1987,169276000
Iran,1987,51889696
Iraq,1987,16543189
Ireland,1987,3539900
Israel,1987,4203148
Italy,1987,56729703
Jamaica,1987,2326606
Japan,1987,122091325
Jordan,1987,2820042
Kenya,1987,21198082
"Korea, Dem. Rep.",1987,19067554
"Korea, Rep.",1987,41622000
Kuwait,1987,1891487
Lebanon,1987,3089353
Lesotho,1987,1599200
Liberia,1987,2269414
Libya,1987,3799845
Madagascar,1987,10568642
Malawi,1987,7824747
Malaysia,1987,16331785
Mali,1987,7634008
Mauritania,1987,1841240
Mauritius,1987,1042663
Mexico,1987,80122492
Mongolia,1987,2015133
Montenegro,1987,569473
Morocco,1987,22987397
Mozambique,1987,12891952
Myanmar,1987,38028578
Namibia,1987,1278184
Nepal,1987,17917180
Netherlands,1987,14665278
New Zealand,1987,3317166
Nicaragua,1987,3344353
Niger,1987,7332638
Nigeria,1987,81551520
Norway,1987,4186147
Oman,1987,1593882
Pakistan,1987,105186881
Panama,1987,2253639
Paraguay,1987,3886512
Peru,1987,20195924
Philippines,1987,60017788
Poland,1987,37740710
Portugal,1987,9915289
Puerto Rico,1987,3444468
Reunion,1987,562035
Romania,1987,22686371
Rwanda,1987,6349365
Sao Tome and Principe,1987,110812
Saudi Arabia,1987,14619745
Senegal,1987,7171347
Serbia,1987,9230783
Sierra Leone,1987,3868905
Singapore,1987,2794552
Slovak Republic,1987,5199318
Slovenia,1987,1945870
Somalia,1987,6921858
South Africa,1987,35933379
Spain,1987,38880702
Sri Lanka,1987,16495304
Sudan,1987,24725960
Swaziland,1987,779348
Sweden,1987,8421403
Switzerland,1987,6649942
Syria,1987,11242847
Taiwan,1987,19757799
Tanzania,1987,23040630
Thailand,1987,52910342
Togo,1987,3154264
Trinidad and Tobago,1987,1191336
Tunisia,1987,7724976
Turkey,1987,52881328
Uganda,1987,15283050
United Kingdom,1987,56981620
United States,1987,242803533
Uruguay,1987,3045153
Venezuela,1987,17910182
Vietnam,1987,62826491
West Bank and Gaza,1987,1691210
"Yemen, Rep.",1987,11219340
Zambia,1987,7272406
Zimbabwe,1987,9216418
Afghanistan,1992,16317921
Albania,1992,3326498
Algeria,1992,26298373
Angola,1992,8735988
Argentina,1992,33958947
Australia,1992,17481977
Austria,1992,7914969
Bahrain,1992,529491
Bangladesh,1992,113704579
Belgium,1992,10045622
Benin,1992,4981671
Bolivia,1992,6893451
Bosnia and Herzegovina,1992,4256013
Botswana,1992,1342614
Brazil,1992,155975974
Bulgaria,1992,8658506
Burkina Faso,1992,8878303
Burundi,1992,5809236
Cambodia,1992,10150094
Cameroon,1992,12467171
Canada,1992,28523502
Central African Republic,1992,3265124
Chad,1992,6429417
Chile,1992,13572994
China,1992,1164970000
Colombia,1992,34202721
Comoros,1992,454429
"Congo, Dem. Rep.",1992,41672143
"Congo, Rep.",1992,2409073
Costa Rica,1992,3173216
Cote d'Ivoire,1992,12772596
Croatia,1992,4494013
Cuba,1992,10723260
Czech Republic,1992,10315702
Denmark,1992,5171393
Djibouti,1992,384156
Dominican Republic,1992,7351181
Ecuador,1992,10748394
Egypt,1992,59402198
El Salvador,1992,5274649
Equatorial Guinea,1992,387838
Eritrea,1992,3668440
Ethiopia,1992,52088559
Finland,1992,5041039
France,1992,57374179
Gabon,1992,985739
Gambia,1992,1025384
Germany,1992,80597764
Ghana,1992,16278738
Greece,1992,10325429
Guatemala,1992,8486949
Guinea,1992,6990574
Guinea-Bissau,1992,1050938
Haiti,1992,6326682
Honduras,1992,5077347
"Hong Kong, China",1992,5829696
Hungary,1992,10348684
Iceland,1992,259012
India,1992,872000000
Indonesia,1992,184816000
Iran,1992,60397973
Iraq,1992,17861905
Ireland,1992,3557761
Israel,1992,4936550
Italy,1992,56840847
Jamaica,1992,2378618
Japan,1992,124329269
Jordan,1992,3867409
Kenya,1992,25020539
"Korea, Dem. Rep.",1992,20711375
"Korea, Rep.",1992,43805450
Kuwait,1992,1418095
Lebanon,1992,3219994
Lesotho,1992,1803195
Liberia,1992,1912974
Libya,1992,4364501
Madagascar,1992,12210395
Malawi,1992,10014249
Malaysia,1992,18319502
Mali,1992,8416215
Mauritania,1992,2119465
Mauritius,1992,1096202
Mexico,1992,88111030
Mongolia,1992,2312802
Montenegro,1992,621621
Morocco,1992,25798239
Mozambique,1992,13160731
Myanmar,1992,40546538
Namibia,1992,1554253
Nepal,1992,20326209
Netherlands,1992,15174244
New Zealand,1992,3437674
Nicaragua,1992,4017939
Niger,1992,8392818
Nigeria,1992,93364244
Norway,1992,4286357
Oman,1992,1915208
Pakistan,1992,120065004
Panama,1992,2484997
Paraguay,1992,4483945
Peru,1992,22430449
Philippines,1992,67185766
Poland,1992,38370697
Portugal,1992,9927680
Puerto Rico,1992,3585176
Reunion,1992,622191
Romania,1992,22797027
Rwanda,1992,7290203
Sao Tome and Principe,1992,125911
Saudi Arabia,1992,16945857
Senegal,1992,8307920
Serbia,1992,9826397
Sierra Leone,1992,4260884
Singapore,1992,3235865
Slovak Republic,1992,5302888
Slovenia,1992,1999210
Somalia,1992,6099799
South Africa,1992,39964159
Spain,1992,39549438
Sri Lanka,1992,17587060
Sudan,1992,28227588
Swaziland,1992,962344
Sweden,1992,8718867
Switzerland,1992,6995447
Syria,1992,13219062
Taiwan,1992,20686918
Tanzania,1992,26605473
Thailand,1992,56667095
Togo,1992,3747553
Trinidad and Tobago,1992,1183669
Tunisia,1992,8523077
Turkey,1992,58179144
Uganda,1992,18252190
United Kingdom,1992,57866349
United States,1992,256894189
Uruguay,1992,3149262
Venezuela,1992,20265563
Vietnam,1992,69940728
West Bank and Gaza,1992,2104779
"Yemen, Rep.",1992,13367997
Zambia,1992,8381163
Zimbabwe,1992,10704340
Afghanistan,1997,22227415
Albania,1997,3428038
Algeria,1997,29072015
Angola,1997,9875024
Argentina,1997,36203463
Australia,1997,18565243
Austria,1997,8069876
Bahrain,1997,598561
Bangladesh,1997,123315288
Belgium,1997,10199787
Benin,1997,6066080
Bolivia,1997,7693188
Bosnia and Herzegovina,1997,3607000
Botswana,1997,1536536
Brazil,1997,168546719
Bulgaria,1997,8066057
Burkina Faso,1997,10352843
Burundi,1997,6121610
Cambodia,1997,11782962
Cameroon,1997,14195809
Canada,1997,30305843
Central African Republic,1997,3696513
Chad,1997,7562011
Chile,1997,14599929
China,1997,1230075000
Colombia,1997,37657830
Comoros,1997,527982
"Congo, Dem. Rep.",1997,47798986
"Congo, Rep.",1997,2800947
Costa Rica,1997,3518107
Cote d'Ivoire,1997,14625967
Croatia,1997,4444595
Cuba,1997,10983007
Czech Republic,1997,10300707
Denmark,1997,5283663
Djibouti,1997,417908
Dominican Republic,1997,7992357
Ecuador,1997,11911819
Egypt,1997,66134291
El Salvador,1997,5783439
Equatorial Guinea,1997,439971
Eritrea,1997,4058319
Ethiopia,1997,59861301
Finland,1997,5134406
France,1997,58623428
Gabon,1997,1126189
Gambia,1997,1235767
Germany,1997,82011073
Ghana,1997,18418288
Greece,1997,10502372
Guatemala,1997,9803875
Guinea,1997,8048834
Guinea-Bissau,1997,1193708
Haiti,1997,6913545
Honduras,1997,5867957
"Hong Kong, China",1997,6495918
Hungary,1997,10244684
Iceland,1997,271192
India,1997,959000000
Indonesia,1997,199278000
Iran,1997,63327987
Iraq,1997,20775703
Ireland,1997,3667233
Israel,1997,5531387
Italy,1997,57479469
Jamaica,1997,2531311
Japan,1997,125956499
Jordan,1997,4526235
Kenya,1997,28263827
"Korea, Dem. Rep.",1997,21585105
"Korea, Rep.",1997,46173816
Kuwait,1997,1765345
Lebanon,1997,3430388
Lesotho,1997,1982823
Liberia,1997,2200725
Libya,1997,4759670
Madagascar,1997,14165114
Malawi,1997,10419991
Malaysia,1997,20476091
Mali,1997,9384984
Mauritania,1997,2444741
Mauritius,1997,1149818
Mexico,1997,95895146
Mongolia,1997,2494803
Montenegro,1997,692651
Morocco,1997,28529501
Mozambique,1997,16603334
Myanmar,1997,43247867
Namibia,1997,1774766
Nepal,1997,23001113
Netherlands,1997,15604464
New Zealand,1997,3676187
Nicaragua,1997,4609572
Niger,1997,9666252
Nigeria,1997,106207839
Norway,1997,4405672
Oman,1997,2283635
Pakistan,1997,135564834
Panama,1997,2734531
Paraguay,1997,5154123
Peru,1997,24748122
Philippines,1997,75012988
Poland,1997,38654957
Portugal,1997,10156415
Puerto Rico,1997,3759430
Reunion,1997,684810
Romania,1997,22562458
Rwanda,1997,7212583
Sao Tome and Principe,1997,145608
Saudi Arabia,1997,21229759
Senegal,1997,9535314
Serbia,1997,10336594
Sierra Leone,1997,4578212
Singapore,1997,3802309
Slovak Republic,1997,5383010
Slovenia,1997,2011612
Somalia,1997,6633514
South Africa,1997,42835005
Spain,1997,39855442
Sri Lanka,1997,18698655
Sudan,1997,32160729
Swaziland,1997,1054486
Sweden,1997,8897619
Switzerland,1997,7193761
Syria,1997,15081016
Taiwan,1997,21628605
Tanzania,1997,30686889
Thailand,1997,60216677
Togo,1997,4320890
Trinidad and Tobago,1997,1138101
Tunisia,1997,9231669
Turkey,1997,63047647
Uganda,1997,21210254
United Kingdom,1997,58808266
United States,1997,272911760
Uruguay,1997,3262838
Venezuela,1997,22374398
Vietnam,1997,76048996
West Bank and Gaza,1997,2826046
"Yemen, Rep.",1997,15826497
Zambia,1997,9417789
Zimbabwe,1997,11404948
Afghanistan,2002,25268405
Albania,2002,3508512
Algeria,2002,31287142
Angola,2002,10866106
Argentina,2002,38331121
Australia,2002,19546792
Austria,2002,8148312
Bahrain,2002,656397
Bangladesh,2002,135656790
Belgium,2002,10311970
Benin,2002,7026113
Bolivia,2002,8445134
Bosnia and Herzegovina,2002,4165416
Botswana,2002,1630347
Brazil,2002,179914212
Bulgaria,2002,7661799
Burkina Faso,2002,12251209
Burundi,2002,7021078
Cambodia,2002,12926707
Cameroon,2002,15929988
Canada,2002,31902268
Central African Republic,2002,4048013
Chad,2002,8835739
Chile,2002,15497046
China,2002,1280400000
Colombia,2002,41008227
Comoros,2002,614382
"Congo, Dem. Rep.",2002,55379852
"Congo, Rep.",2002,3328795
Costa Rica,2002,3834934
Cote d'Ivoire,2002,16252726
Croatia,2002,4481020
Cuba,2002,11226999
Czech Republic,2002,10256295
Denmark,2002,5374693
Djibouti,2002,447416
Dominican Republic,2002,8650322
Ecuador,2002,12921234
Egypt,2002,73312559
El Salvador,2002,6353681
Equatorial Guinea,2002,495627
Eritrea,2002,4414865
Ethiopia,2002,67946797
Finland,2002,5193039
France,2002,59925035
Gabon,2002,1299304
Gambia,2002,1457766
Germany,2002,82350671
Ghana,2002,20550751
Greece,2002,10603863
Guatemala,2002,11178650
Guinea,2002,8807818
Guinea-Bissau,2002,1332459
Haiti,2002,7607651
Honduras,2002,6677328
"Hong Kong, China",2002,6762476
Hungary,2002,10083313
Iceland,2002,288030
India,2002,1034172547
Indonesia,2002,211060000
Iran,2002,66907826
Iraq,2002,24001816
Ireland,2002,3879155
Israel,2002,6029529
Italy,2002,57926999
Jamaica,2002,2664659
Japan,2002,127065841
Jordan,2002,5307470
Kenya,2002,31386842
"Korea, Dem. Rep.",2002,22215365
"Korea, Rep.",2002,47969150
Kuwait,2002,2111561
Lebanon,2002,3677780
Lesotho,2002,2046772
Liberia,2002,2814651
Libya,2002,5368585
Madagascar,2002,16473477
Malawi,2002,11824495
Malaysia,2002,22662365
Mali,2002,10580176
Mauritania,2002,2828858
Mauritius,2002,1200206
Mexico,2002,102479927
Mongolia,2002,2674234
Montenegro,2002,720230
Morocco,2002,31167783
Mozambique,2002,18473780
Myanmar,2002,45598081
Namibia,2002,1972153
Nepal,2002,25873917
Netherlands,2002,16122830
New Zealand,2002,3908037
Nicaragua,2002,5146848
Niger,2002,11140655
Nigeria,2002,119901274
Norway,2002,4535591
Oman,2002,2713462
Pakistan,2002,153403524
Panama,2002,2990875
Paraguay,2002,5884491
Peru,2002,26769436
Philippines,2002,82995088
Poland,2002,38625976
Portugal,2002,10433867
Puerto Rico,2002,3859606
Reunion,2002,743981
Romania,2002,22404337
Rwanda,2002,7852401
Sao Tome and Principe,2002,170372
Saudi Arabia,2002,24501530
Senegal,2002,10870037
Serbia,2002,10111559
Sierra Leone,2002,5359092
Singapore,2002,4197776
Slovak Republic,2002,5410052
Slovenia,2002,2011497
Somalia,2002,7753310
South Africa,2002,44433622
Spain,2002,40152517
Sri Lanka,2002,19576783
Sudan,2002,37090298
Swaziland,2002,1130269
Sweden,2002,8954175
Switzerland,2002,7361757
Syria,2002,17155814
Taiwan,2002,22454239
Tanzania,2002,34593779
Thailand,2002,62806748
Togo,2002,4977378
Trinidad and Tobago,2002,1101832
Tunisia,2002,9770575
Turkey,2002,67308928
Uganda,2002,24739869
United Kingdom,2002,59912431
United States,2002,287675526
Uruguay,2002,3363085
Venezuela,2002,24287670
Vietnam,2002,80908147
West Bank and Gaza,2002,3389578
"Yemen, Rep.",2002,18701257
Zambia,2002,10595811
Zimbabwe,2002,11926563
Afghanistan,2007,31889923
Albania,2007,3600523
Algeria,2007,33333216
Angola,2007,12420476
Argentina,2007,40301927
Australia,2007,20434176
Austria,2007,8199783
Bahrain,2007,708573
Bangladesh,2007,150448339
Belgium,2007,10392226
Benin,2007,8078314
Bolivia,2007,9119152
Bosnia and Herzegovina,2007,4552198
Botswana,2007,1639131
Brazil,2007,190010647
Bulgaria,2007,7322858
Burkina Faso,2007,14326203
Burundi,2007,8390505
Cambodia,2007,14131858
Cameroon,2007,17696293
Canada,2007,33390141
Central African Republic,2007,4369038
Chad,2007,10238807
Chile,2007,16284741
China,2007,1318683096
Colombia,2007,44227550
Comoros,2007,710960
"Congo, Dem. Rep.",2007,64606759
"Congo, Rep.",2007,3800610
Costa Rica,2007,4133884
Cote d'Ivoire,2007,18013409
Croatia,2007,4493312
Cuba,2007,11416987
Czech Republic,2007,10228744
Denmark,2007,5468120
Djibouti,2007,496374
Dominican Republic,2007,9319622
Ecuador,2007,13755680
Egypt,2007,80264543
El Salvador,2007,6939688
Equatorial Guinea,2007,551201
Eritrea,2007,4906585
Ethiopia,2007,76511887
Finland,2007,5238460
France,2007,61083916
Gabon,2007,1454867
Gambia,2007,1688359
Germany,2007,82400996
Ghana,2007,22873338
Greece,2007,10706290
Guatemala,2007,12572928
Guinea,2007,9947814
Guinea-Bissau,2007,1472041
Haiti,2007,8502814
Honduras,2007,7483763
"Hong Kong, China",2007,6980412
Hungary,2007,9956108
Iceland,2007,301931
India,2007,1110396331
Indonesia,2007,223547000
Iran,2007,69453570
Iraq,2007,27499638
Ireland,2007,4109086
Israel,2007,6426679
Italy,2007,58147733
Jamaica,2007,2780132
Japan,2007,127467972
Jordan,2007,6053193
Kenya,2007,35610177
"Korea, Dem. Rep.",2007,23301725
"Korea, Rep.",2007,49044790
Kuwait,2007,2505559
Lebanon,2007,3921278
Lesotho,2007,2012649
Liberia,2007,3193942
Libya,2007,6036914
Madagascar,2007,19167654
Malawi,2007,13327079
Malaysia,2007,24821286
Mali,2007,12031795
Mauritania,2007,3270065
Mauritius,2007,1250882
Mexico,2007,108700891
Mongolia,2007,2874127
Montenegro,2007,684736
Morocco,2007,33757175
Mozambique,2007,19951656
Myanmar,2007,47761980
Namibia,2007,2055080
Nepal,2007,28901790
Netherlands,2007,16570613
New Zealand,2007,4115771
Nicaragua,2007,5675356
Niger,2007,12894865
Nigeria,2007,135031164
Norway,2007,4627926
Oman,2007,3204897
Pakistan,2007,169270617
Panama,2007,3242173
Paraguay,2007,6667147
Peru,2007,28674757
Philippines,2007,91077287
Poland,2007,38518241
Portugal,2007,10642836
Puerto Rico,2007,3942491
Reunion,2007,798094
Romania,2007,22276056
Rwanda,2007,8860588
Sao Tome and Principe,2007,199579
Saudi Arabia,2007,27601038
Senegal,2007,12267493
Serbia,2007,10150265
Sierra Leone,2007,6144562
Singapore,2007,4553009
Slovak Republic,2007,5447502
Slovenia,2007,2009245
Somalia,2007,9118773
South Africa,2007,43997828
Spain,2007,40448191
Sri Lanka,2007,20378239
Sudan,2007,42292929
Swaziland,2007,1133066
Sweden,2007,9031088
Switzerland,2007,7554661
Syria,2007,19314747
Taiwan,2007,23174294
Tanzania,2007,38139640
Thailand,2007,65068149
Togo,2007,5701579
Trinidad and Tobago,2007,1056608
Tunisia,2007,10276158
Turkey,2007,71158647
Uganda,2007,29170398
United Kingdom,2007,60776238
United States,2007,301139947
Uruguay,2007,3447496
Venezuela,2007,26084662
Vietnam,2007,85262356
West Bank and Gaza,2007,4018332
"Yemen, Rep.",2007,22211743
Zambia,2007,11746035
Zimbabwe,2007,12311143
